<?xml version="1.0" encoding="UTF-8"?>
<manifest>
  <remote fetch="https://android.googlesource.com" name="aosp"/>
  <remote fetch=".." name="github" review="review.cyanogenmod.org"/>
  <remote fetch="ssh://git@github.com" name="private"/>
  
  <default remote="github" revision="refs/heads/cm-10.1" sync-c="true" sync-j="4"/>
  
  <project name="CyanogenMod/android" path="android" revision="38fd77b677eebe415dec4b3c54fe6121c395762e" upstream="refs/heads/cm-10.1"/>
  <project name="CyanogenMod/android_abi_cpp" path="abi/cpp" revision="eb789ea833d8d800662b67914d9c1785a58c2caa" upstream="refs/heads/cm-10.1"/>
  <project name="CyanogenMod/android_bionic" path="bionic" revision="b4afd89cb1b508fc17f892aea5a7a32497262cc9" upstream="refs/heads/cm-10.1"/>
  <project name="CyanogenMod/android_bootable_diskinstaller" path="bootable/diskinstaller" revision="60d078a5924284a452a8fe739247704f8b31c754" upstream="refs/heads/cm-10.1"/>
  <project name="CyanogenMod/android_bootable_recovery" path="bootable/recovery" revision="d8f5b40a030889654a03d02fa246b0e202ff5ef1" upstream="refs/heads/cm-10.1"/>
  <project name="CyanogenMod/android_build" path="build" revision="90e13bc8a703d1f7807cee7b1d11f399e8d494b4" upstream="refs/heads/cm-10.1">
    <copyfile dest="Makefile" src="core/root.mk"/>
  </project>
  <project name="CyanogenMod/android_dalvik" path="dalvik" revision="7901f53eb2f7cc4fa8629eaa5d3b2ad072cb204f" upstream="refs/heads/cm-10.1"/>
  <project name="CyanogenMod/android_development" path="development" revision="7badd22f5f1b4136ecb06c5c76102b6d8daed720" upstream="refs/heads/cm-10.1"/>
  <project name="CyanogenMod/android_device_common" path="device/common" revision="201208b201b9dfe79d7469b73c1b48b6a3e8b21f" upstream="refs/heads/cm-10.1"/>
  <project name="CyanogenMod/android_device_generic_armv7-a" path="device/generic/armv7-a" revision="700aab170ce712a62b268055637c0afded59bf04" upstream="refs/heads/cm-10.1"/>
  <project name="CyanogenMod/android_device_generic_armv7-a-neon" path="device/generic/armv7-a-neon" revision="8a52ffa74a764bfe0445c2eac59048217302e152" upstream="refs/heads/cm-10.1"/>
  <project name="CyanogenMod/android_device_generic_common" path="device/generic/common" revision="11c092a6cbfcf6207f07a9a8e3398e747e7f5461" upstream="refs/heads/cm-10.1"/>
  <project name="CyanogenMod/android_device_generic_goldfish" path="device/generic/goldfish" revision="f0397b68bd158c97f8c83ad7c299f8962d6c885e" upstream="refs/heads/cm-10.1"/>
  <project name="CyanogenMod/android_device_generic_mips" path="device/generic/mips" revision="764fe788f7e9cefdd3be6ea29847f19a4f818f94" upstream="refs/heads/cm-10.1"/>
  <project name="CyanogenMod/android_device_generic_x86" path="device/generic/x86" revision="ae8e76ccfa7666e4eee9f0e584e3d02720a65651" upstream="refs/heads/cm-10.1"/>
  <project groups="device" name="CyanogenMod/android_device_google_accessory_arduino" path="device/google/accessory/arduino" revision="abc5159a3ca9dbb5c7e364a1eab99901a4440ac5" upstream="refs/heads/cm-10.1"/>
  <project groups="device" name="CyanogenMod/android_device_google_accessory_demokit" path="device/google/accessory/demokit" revision="7dfe7f89a3b174709c773fe319531006e46440d9" upstream="refs/heads/cm-10.1"/>
  <project groups="device" name="CyanogenMod/android_device_sample" path="device/sample" revision="7e69d9273013cd718f36c8a592a6f0b2b5b13db1" upstream="refs/heads/cm-10.1"/>
  <project name="CyanogenMod/android_device_samsung_i9300" path="device/samsung/i9300" revision="72835192d85165a9af66a40a9d40ce8cf481acf5" upstream="refs/heads/cm-10.1"/>
  <project name="CyanogenMod/android_device_samsung_smdk4412-common" path="device/samsung/smdk4412-common" revision="734f00fd46f2dc756e17e261aded33dbb7059ffb" upstream="refs/heads/cm-10.1"/>
  <project groups="device" name="CyanogenMod/android_device_ti_panda" path="device/ti/panda" revision="232b56aaa83c04c5858efc2288185e84084eac33" upstream="refs/heads/cm-10.1"/>
  <project name="CyanogenMod/android_external_aac" path="external/aac" revision="b2511c6a79ea8d029b2b9d19130fd41d9838546f" upstream="refs/heads/cm-10.1"/>
  <project name="CyanogenMod/android_external_android-clat" path="external/android-clat" revision="62ea9b6658a4c2116eeb6450c8244269448e79aa" upstream="refs/heads/cm-10.1"/>
  <project name="CyanogenMod/android_external_android-mock" path="external/android-mock" revision="4cc911af4398e18ddd9435c9cbfcf2a89cee81ff" upstream="refs/heads/cm-10.1"/>
  <project name="CyanogenMod/android_external_ant-glob" path="external/ant-glob" revision="0f189400fd2a36bf11bfb058e7f3917eb7ed163a" upstream="refs/heads/cm-10.1"/>
  <project name="CyanogenMod/android_external_antlr" path="external/antlr" revision="324c4644fee44b9898524c09511bd33c3f12e2df" upstream="refs/heads/cm-10.1"/>
  <project name="CyanogenMod/android_external_apache-harmony" path="external/apache-harmony" revision="db08d5168e51be52dd50e3bb9015fe69f106fb36" upstream="refs/heads/cm-10.1"/>
  <project name="CyanogenMod/android_external_apache-http" path="external/apache-http" revision="3be157fc74e12c82abfa92ee804a35dfb68f4410" upstream="refs/heads/cm-10.1"/>
  <project name="CyanogenMod/android_external_apache-qp" path="external/apache-qp" revision="64ea622b23e6612eb8e7dcae6bfd4314beb022a8" upstream="refs/heads/cm-10.1"/>
  <project name="CyanogenMod/android_external_apache-xml" path="external/apache-xml" revision="66ca8092e7de32f4e4c5a3feac68e1c736601f0a" upstream="refs/heads/cm-10.1"/>
  <project name="CyanogenMod/android_external_arduino" path="external/arduino" revision="d5790d78880d4bd60be277ee20e53a851aa8c116" upstream="refs/heads/cm-10.1"/>
  <project name="CyanogenMod/android_external_astl" path="external/astl" revision="f2ee14f99092efb28cfd07a5c8db4d15d09908b8" upstream="refs/heads/cm-10.1"/>
  <project name="CyanogenMod/android_external_bash" path="external/bash" revision="f4b417c62a4f272c4cf9a074d0f7a3a97201f9db" upstream="refs/heads/cm-10.1"/>
  <project name="CyanogenMod/android_external_bison" path="external/bison" revision="4af3c477523bc96a5a535500a722cd563f1d486f" upstream="refs/heads/cm-10.1"/>
  <project name="CyanogenMod/android_external_blktrace" path="external/blktrace" revision="d345431f16b8f76f30a58193ff2b26d5853e1109" upstream="refs/heads/cm-10.1"/>
  <project name="CyanogenMod/android_external_bluetooth_bluedroid" path="external/bluetooth/bluedroid" revision="5ae3694ab8f2913cb42f0046ab7f436aa3d45223" upstream="refs/heads/cm-10.1"/>
  <project name="CyanogenMod/android_external_bouncycastle" path="external/bouncycastle" revision="fb958eec615d74410d4d26b20aeeb632479884e0" upstream="refs/heads/cm-10.1"/>
  <project name="CyanogenMod/android_external_bsdiff" path="external/bsdiff" revision="23e322ab19fb7d74c2c37e40ce364d9f709bdcee" upstream="refs/heads/cm-10.1"/>
  <project name="CyanogenMod/android_external_busybox" path="external/busybox" revision="04f05b8a3e5471a3b2bb91799a89c1f24017fa01" upstream="refs/heads/cm-10.1"/>
  <project name="CyanogenMod/android_external_bzip2" path="external/bzip2" revision="8a81a414914781498381ad24153c5e6c4a7ed525" upstream="refs/heads/cm-10.1"/>
  <project name="CyanogenMod/android_external_checkpolicy" path="external/checkpolicy" revision="a6834194069d4dd2f5883b57a0783b97def7e9ab" upstream="refs/heads/cm-10.1"/>
  <project name="CyanogenMod/android_external_chromium" path="external/chromium" revision="657fb1c9269ce235b66a0f32c9bf0afc64fa7c77" upstream="refs/heads/cm-10.1"/>
  <project name="CyanogenMod/android_external_chromium-trace" path="external/chromium-trace" revision="a0cfa1db34523c908b00b443d227b6a516ce2010" upstream="refs/heads/cm-10.1"/>
  <project name="CyanogenMod/android_external_cibu-fonts" path="external/cibu-fonts" revision="04031024425e067f6b0fdc40def6e04516c31c4f" upstream="refs/heads/cm-10.1"/>
  <project name="CyanogenMod/android_external_clang" path="external/clang" revision="8675f6783935ad0fe5dc5eaa7ae16366394681aa" upstream="refs/heads/cm-10.1"/>
  <project name="CyanogenMod/android_external_compiler-rt" path="external/compiler-rt" revision="e42ad69c207ad1f2038e33530f389fcdf84216b8" upstream="refs/heads/cm-10.1"/>
  <project name="CyanogenMod/android_external_dbus" path="external/dbus" revision="75c4b89fa7ffa66b07164ca1c5b109e36e5e97aa" upstream="refs/heads/cm-10.1"/>
  <project name="CyanogenMod/android_external_dexmaker" path="external/dexmaker" revision="7f8ba8eace1379fe45bad3adb91925be236c041d" upstream="refs/heads/cm-10.1"/>
  <project name="CyanogenMod/android_external_dhcpcd" path="external/dhcpcd" revision="f90995451089db8e5d4a72641e74cf2e5c35074f" upstream="refs/heads/cm-10.1"/>
  <project name="CyanogenMod/android_external_dnsmasq" path="external/dnsmasq" revision="78088eebf9d82831cdfa960bff91ac85f0268430" upstream="refs/heads/cm-10.1"/>
  <project name="CyanogenMod/android_external_doclava" path="external/doclava" revision="a5c4ed149e888f0126b7c9e686b6f51bc4168e5b" upstream="refs/heads/cm-10.1"/>
  <project name="CyanogenMod/android_external_dropbear" path="external/dropbear" revision="a34ddbe3819bc465968f3676c734b405e655f8b7" upstream="refs/heads/cm-10.1"/>
  <project name="CyanogenMod/android_external_e2fsprogs" path="external/e2fsprogs" revision="4ecbd86b5e17a3e7d19db9a50c03bcbe27c4d85a" upstream="refs/heads/cm-10.1"/>
  <project name="CyanogenMod/android_external_easymock" path="external/easymock" revision="c9a234086537e5fd820b110bbd99e3cdc695004c" upstream="refs/heads/cm-10.1"/>
  <project name="CyanogenMod/android_external_eclipse-basebuilder" path="external/eclipse-basebuilder" revision="6134da6347cc997e0cf2921aaadfb46f21c05d85" upstream="refs/heads/cm-10.1"/>
  <project name="CyanogenMod/android_external_eclipse-windowbuilder" path="external/eclipse-windowbuilder" revision="47395d9511ba43b05cc630193e89187f4361c6cc" upstream="refs/heads/cm-10.1"/>
  <project name="CyanogenMod/android_external_elfutils" path="external/elfutils" revision="101941576c52a1270c9c2d63ea95d48729d6cf96" upstream="refs/heads/cm-10.1"/>
  <project name="CyanogenMod/android_external_embunit" path="external/embunit" revision="336b7c65098af0d1be69f2db55f4e75342d73b3f" upstream="refs/heads/cm-10.1"/>
  <project name="CyanogenMod/android_external_emma" path="external/emma" revision="f4cbc40c44c2d76c89c3c1322f5ae9a2473e29c4" upstream="refs/heads/cm-10.1"/>
  <project name="CyanogenMod/android_external_esd" path="external/esd" revision="224a67f2683a7ee997179fc5dd16115e39987b0f" upstream="refs/heads/cm-10.1"/>
  <project name="CyanogenMod/android_external_expat" path="external/expat" revision="bb9f3f74212ef523ff693cba9d782575ebba7418" upstream="refs/heads/cm-10.1"/>
  <project name="CyanogenMod/android_external_eyes-free" path="external/eyes-free" revision="16bd4c7a4d1bfe229068b637614dad7c48dd2ceb" upstream="refs/heads/cm-10.1"/>
  <project name="CyanogenMod/android_external_fat32lib" path="external/fat32lib" revision="6950a7fcfda2d03446514e315b6bf6bd5c476496" upstream="refs/heads/cm-10.1"/>
  <project name="CyanogenMod/android_external_fdlibm" path="external/fdlibm" revision="24856709256f5243a6c29446577052f15fb1ab3b" upstream="refs/heads/cm-10.1"/>
  <project name="CyanogenMod/android_external_flac" path="external/flac" revision="686d6ff2afda2ea3211bec37ad0daa655c24e6d4" upstream="refs/heads/cm-10.1"/>
  <project name="CyanogenMod/android_external_freetype" path="external/freetype" revision="bad440fe256381ba38f6435984476f96dce7ba56" upstream="refs/heads/cm-10.1"/>
  <project name="CyanogenMod/android_external_fsck_msdos" path="external/fsck_msdos" revision="6ff3a58bcd3223f15def43ddd39d3921d855494b" upstream="refs/heads/cm-10.1"/>
  <project name="CyanogenMod/android_external_ganymed-ssh2" path="external/ganymed-ssh2" revision="d3724dabc1cfbacd105fe6c422b4dcba80e4fb2d" upstream="refs/heads/cm-10.1"/>
  <project name="CyanogenMod/android_external_gcc-demangle" path="external/gcc-demangle" revision="d6f70187df96e4f1968adbe9b52035dc474b7590" upstream="refs/heads/cm-10.1"/>
  <project name="CyanogenMod/android_external_genext2fs" path="external/genext2fs" revision="2e672fab1b8935ab6df5c2fc69386fe6b4ade873" upstream="refs/heads/cm-10.1"/>
  <project name="CyanogenMod/android_external_giflib" path="external/giflib" revision="b027dc00b076d1820924bdcefeb987bb5d2dbf35" upstream="refs/heads/cm-10.1"/>
  <project name="CyanogenMod/android_external_google-diff-match-patch" path="external/google-diff-match-patch" revision="cecbe12841337860291c2d6a5728b681ec5fca2a" upstream="refs/heads/cm-10.1"/>
  <project name="CyanogenMod/android_external_grub" path="external/grub" revision="5c3bee7defca81362e98cf8fbd6c20cf47dff00b" upstream="refs/heads/cm-10.1"/>
  <project name="CyanogenMod/android_external_gtest" path="external/gtest" revision="344e5f3db17615cc853073a02968a603efd39109" upstream="refs/heads/cm-10.1"/>
  <project name="CyanogenMod/android_external_guava" path="external/guava" revision="fa1a9b039b4702c026d2bd39d5ae6363f6b9651a" upstream="refs/heads/cm-10.1"/>
  <project name="CyanogenMod/android_external_hamcrest" path="external/hamcrest" revision="84ee3dc21ec5d2dd99cee722d058029f1027e9ef" upstream="refs/heads/cm-10.1"/>
  <project name="CyanogenMod/android_external_harfbuzz" path="external/harfbuzz" revision="6842c622d8b68251f7d696d22bfa44a16c0bef46" upstream="refs/heads/cm-10.1"/>
  <project name="CyanogenMod/android_external_htop" path="external/htop" revision="e1a8535012ab86d3e926bebfb7731dab1eb7320a" upstream="refs/heads/cm-10.1"/>
  <project name="CyanogenMod/android_external_hyphenation" path="external/hyphenation" revision="bfa84834dfeb7fe8d058c2e7e07b5981451ddf82" upstream="refs/heads/cm-10.1"/>
  <project name="CyanogenMod/android_external_icu4c" path="external/icu4c" revision="12ffd01f63ac479c481c39ec1f88714519193020" upstream="refs/heads/cm-10.1"/>
  <project name="CyanogenMod/android_external_iproute2" path="external/iproute2" revision="f145162f3afe38720a6b53d77d453a7b2365703f" upstream="refs/heads/cm-10.1"/>
  <project name="CyanogenMod/android_external_ipsec-tools" path="external/ipsec-tools" revision="f24812ba17f2e7cc7fafdffaa21c6e54195f26c9" upstream="refs/heads/cm-10.1"/>
  <project name="CyanogenMod/android_external_iptables" path="external/iptables" revision="0f9384d79ba6ef5f406982b7736a3a76bb54a9fb" upstream="refs/heads/cm-10.1"/>
  <project name="CyanogenMod/android_external_jack" path="external/jack" revision="5ceb2025ac5d25ed48183ac2d3dac4691fe761fb" upstream="refs/heads/cm-10.1"/>
  <project name="CyanogenMod/android_external_javasqlite" path="external/javasqlite" revision="b119030ade23ba1fa233595ecd3406c6b8b0fb3e" upstream="refs/heads/cm-10.1"/>
  <project name="CyanogenMod/android_external_javassist" path="external/javassist" revision="9566207cff5871c672fac1f0d4332d93292036d7" upstream="refs/heads/cm-10.1"/>
  <project name="CyanogenMod/android_external_jdiff" path="external/jdiff" revision="e4694302d6a3786c64d954e0b3cf42786283bd3c" upstream="refs/heads/cm-10.1"/>
  <project name="CyanogenMod/android_external_jhead" path="external/jhead" revision="30380028319041fc5c69a20c31acadfa0a0b8b23" upstream="refs/heads/cm-10.1"/>
  <project name="CyanogenMod/android_external_jmdns" path="external/jmdns" revision="f4eb7466d5c09098f9dc54137ed3235e3c43fc9f" upstream="refs/heads/cm-10.1"/>
  <project name="CyanogenMod/android_external_jmonkeyengine" path="external/jmonkeyengine" revision="a6b44658eb1c55295f132a36233a11aa2bd8f9cf" upstream="refs/heads/cm-10.1"/>
  <project name="CyanogenMod/android_external_jpeg" path="external/jpeg" revision="ccfc4603f0277595324ff7322af9f48539b63e3f" upstream="refs/heads/cm-10.1"/>
  <project name="CyanogenMod/android_external_jsilver" path="external/jsilver" revision="a618b151d54625078424bc5940f6bfd63344d11b" upstream="refs/heads/cm-10.1"/>
  <project name="CyanogenMod/android_external_jsr305" path="external/jsr305" revision="5c7719ffff2b6b6acfde07b0e41c08224f443a7b" upstream="refs/heads/cm-10.1"/>
  <project name="CyanogenMod/android_external_junit" path="external/junit" revision="f4e7f982bdd63feb52e5d63e7a5605d5a7f8df36" upstream="refs/heads/cm-10.1"/>
  <project name="CyanogenMod/android_external_kernel-headers" path="external/kernel-headers" revision="4e9b00424f752067ad7a358159b14cb34b485e6f" upstream="refs/heads/cm-10.1"/>
  <project name="CyanogenMod/android_external_libcap-ng" path="external/libcap-ng" revision="1d1011a3c5049a7f9eef99d22f3704e4367579cc" upstream="refs/heads/cm-10.1"/>
  <project name="CyanogenMod/android_external_libffi" path="external/libffi" revision="bcb9a592a47ec641d7cec89e10fcf556132713aa" upstream="refs/heads/cm-10.1"/>
  <project name="CyanogenMod/android_external_libgsm" path="external/libgsm" revision="43b81e9497e8e467b95062f3effd6c7613c1d676" upstream="refs/heads/cm-10.1"/>
  <project name="CyanogenMod/android_external_liblzf" path="external/liblzf" revision="6946aa575b0949d045722794850896099d937cbb" upstream="refs/heads/cm-10.1"/>
  <project name="CyanogenMod/android_external_libmtp" path="external/libmtp" revision="afc55a0d0657e4e12b17ea4bac5472c0f17d338a" upstream="refs/heads/cm-10.1"/>
  <project name="CyanogenMod/android_external_libncurses" path="external/libncurses" revision="565e8f242678ccde08c0d7ca4d772c24a8f0d5c7" upstream="refs/heads/cm-10.1"/>
  <project name="CyanogenMod/android_external_libnfc-nci" path="external/libnfc-nci" revision="e48d95e993be69df1b0911d686490be412f25cfd" upstream="refs/heads/cm-10.1"/>
  <project name="CyanogenMod/android_external_libnfc-nxp" path="external/libnfc-nxp" revision="f64f7e90f9c0dd6f4c52c66a5fd54d9af754c675" upstream="refs/heads/cm-10.1"/>
  <project name="CyanogenMod/android_external_libnl-headers" path="external/libnl-headers" revision="6ccf7349d61f73ac26a0675d735d903ab919c658" upstream="refs/heads/cm-10.1"/>
  <project name="CyanogenMod/android_external_libogg" path="external/libogg" revision="ec0b24fb1468abe37be4164a6feb16568e036bde" upstream="refs/heads/cm-10.1"/>
  <project name="CyanogenMod/android_external_libpcap" path="external/libpcap" revision="3a7bce5dda6a8db92c9248846d0255e68c3a5b2a" upstream="refs/heads/cm-10.1"/>
  <project name="CyanogenMod/android_external_libphonenumber" path="external/libphonenumber" revision="bf5d9756fe9b13f5b2e0696c62949cea77396687" upstream="refs/heads/cm-10.1"/>
  <project name="CyanogenMod/android_external_libpng" path="external/libpng" revision="41e4a032ef9f599ea597dcdff1797f0ea49bdd97" upstream="refs/heads/cm-10.1"/>
  <project name="CyanogenMod/android_external_libppp" path="external/libppp" revision="706e567fc5ff6b79738a5f470e5aa7b2cae76459" upstream="refs/heads/cm-10.1"/>
  <project name="CyanogenMod/android_external_libselinux" path="external/libselinux" revision="895b446e8b4844f2da7354e74d5d96cc7f4418f3" upstream="refs/heads/cm-10.1"/>
  <project name="CyanogenMod/android_external_libsepol" path="external/libsepol" revision="6617731185f5d7c899b376d1bfa2dea11eb494a0" upstream="refs/heads/cm-10.1"/>
  <project name="CyanogenMod/android_external_libusb" path="external/libusb" revision="2801917fe150393d4f4a354165fe89550ae22613" upstream="refs/heads/cm-10.1"/>
  <project name="CyanogenMod/android_external_libusb-compat" path="external/libusb-compat" revision="94867ba54eb7faa8efca81cf2214d00bb9143d27" upstream="refs/heads/cm-10.1"/>
  <project name="CyanogenMod/android_external_libvorbis" path="external/libvorbis" revision="de559619fd4dd0d2d9608436696fd44bdf74eba8" upstream="refs/heads/cm-10.1"/>
  <project name="CyanogenMod/android_external_libvpx" path="external/libvpx" revision="b9c4e676b7be3cf3a9e45e06d71bf0ca92344a5b" upstream="refs/heads/cm-10.1"/>
  <project name="CyanogenMod/android_external_libxml2" path="external/libxml2" revision="a985089953e3b8f73c0c6a883511d4c57a8b3a7e" upstream="refs/heads/cm-10.1"/>
  <project name="CyanogenMod/android_external_libxslt" path="external/libxslt" revision="98f5140c33273d3bd67ca03566f8417406001016" upstream="refs/heads/cm-10.1"/>
  <project name="CyanogenMod/android_external_libyuv" path="external/libyuv" revision="a88a10a6ed9f9801852929bac34bdf10510116f4" upstream="refs/heads/cm-10.1"/>
  <project name="CyanogenMod/android_external_linux-tools-perf" path="external/linux-tools-perf" revision="48630d72aea6bab5223eb2538c34d87c1500d7f6" upstream="refs/heads/cm-10.1"/>
  <project name="CyanogenMod/android_external_littlemock" path="external/littlemock" revision="ef05251bc732a206bd6ba19110277045767482fd" upstream="refs/heads/cm-10.1"/>
  <project name="CyanogenMod/android_external_llvm" path="external/llvm" revision="651dfcfbac42d29fdc6bb8f3ca124dc9e5306bba" upstream="refs/heads/cm-10.1"/>
  <project name="CyanogenMod/android_external_lohit-fonts" path="external/lohit-fonts" revision="ccae9dcd7b72884a7c1aaa0ba155cdae8d819295" upstream="refs/heads/cm-10.1"/>
  <project name="CyanogenMod/android_external_lsof" path="external/lsof" revision="c3618735935b95138821eb735753ff9cf93a8519" upstream="refs/heads/cm-10.1"/>
  <project name="CyanogenMod/android_external_lzo" path="external/lzo" revision="409e081d386c767ea872709efcc0adec20457f6d" upstream="refs/heads/cm-10.1"/>
  <project name="CyanogenMod/android_external_markdown" path="external/markdown" revision="6f2e3554ae38cc90518d32e02cb57d05988270a6" upstream="refs/heads/cm-10.1"/>
  <project name="CyanogenMod/android_external_mdnsresponder" path="external/mdnsresponder" revision="8d61c6ee30ea24755dfd111fb497c0533c0ff461" upstream="refs/heads/cm-10.1"/>
  <project name="CyanogenMod/android_external_mesa3d" path="external/mesa3d" revision="359cceccdd5673460cf06d1b80b70c80f887b0dd" upstream="refs/heads/cm-10.1"/>
  <project name="CyanogenMod/android_external_mksh" path="external/mksh" revision="93bd42c789325fdd5f8c9ba8f000abd65281f241" upstream="refs/heads/cm-10.1"/>
  <project name="CyanogenMod/android_external_mockwebserver" path="external/mockwebserver" revision="7f665a12afb94eae4ffd53d2e351eeb4618ed946" upstream="refs/heads/cm-10.1"/>
  <project name="CyanogenMod/android_external_mp4parser" path="external/mp4parser" revision="36e04c3847e93ccf4c3e0cde617eecea72c2605d" upstream="refs/heads/cm-10.1"/>
  <project name="CyanogenMod/android_external_mtpd" path="external/mtpd" revision="ccbf67d1286770e6cbfd2de9d2c7c2e14836dd30" upstream="refs/heads/cm-10.1"/>
  <project name="CyanogenMod/android_external_nano" path="external/nano" revision="d94d671e7f18568a6d580563ab642afdc2f3ee8c" upstream="refs/heads/cm-10.1"/>
  <project name="CyanogenMod/android_external_naver-fonts" path="external/naver-fonts" revision="9238a39d60763f81b98d96f02b087d52b9d4fd52" upstream="refs/heads/cm-10.1"/>
  <project name="CyanogenMod/android_external_netcat" path="external/netcat" revision="8794905c49d077c2d3de1a5955fb25d4074f5709" upstream="refs/heads/cm-10.1"/>
  <project name="CyanogenMod/android_external_netperf" path="external/netperf" revision="58ecd3b7c76263900e38921360e334a416aec362" upstream="refs/heads/cm-10.1"/>
  <project name="CyanogenMod/android_external_neven" path="external/neven" revision="fcb93b178d5b59a0a229d9d7a087fb36853e10b1" upstream="refs/heads/cm-10.1"/>
  <project name="CyanogenMod/android_external_nist-sip" path="external/nist-sip" revision="cff6e22f9b88ec1c736656f26b7cc7276c8224c7" upstream="refs/heads/cm-10.1"/>
  <project name="CyanogenMod/android_external_oauth" path="external/oauth" revision="bc170f58de82000ed6460f111686a850a1890c07" upstream="refs/heads/cm-10.1"/>
  <project name="CyanogenMod/android_external_okhttp" path="external/okhttp" revision="975568b5b9bdfdb3fe76359d13eba0f0babca7be" upstream="refs/heads/cm-10.1"/>
  <project name="CyanogenMod/android_external_opencv" path="external/opencv" revision="1691b57dbad9cfc15b9a8b72f8b376733b934ffe" upstream="refs/heads/cm-10.1"/>
  <project name="CyanogenMod/android_external_openfst" path="external/openfst" revision="f4c12fce1ee58e670f9c3fce46c40296ba9ee8a2" upstream="refs/heads/cm-10.1"/>
  <project name="CyanogenMod/android_external_openssh" path="external/openssh" revision="1340eb86e025e40628befafb8ce224584f13c875" upstream="refs/heads/cm-10.1"/>
  <project name="CyanogenMod/android_external_openssl" path="external/openssl" revision="ba352abc91bee1349bbdcbababd38e954e2020c7" upstream="refs/heads/cm-10.1"/>
  <project name="CyanogenMod/android_external_openvpn" path="external/openvpn" revision="23e554d5baeaa7e481ce0dcf05ea707befc4d599" upstream="refs/heads/cm-10.1"/>
  <project name="CyanogenMod/android_external_oprofile" path="external/oprofile" revision="e36e25b6032bb8d194792e77d78f212997b40713" upstream="refs/heads/cm-10.1"/>
  <project name="CyanogenMod/android_external_ping" path="external/ping" revision="351fb705d76aa9b12ea69b1ffe456c23029f1064" upstream="refs/heads/cm-10.1"/>
  <project name="CyanogenMod/android_external_ping6" path="external/ping6" revision="d758e6092bbd733f608ea49ffdd00f0d421b4fc7" upstream="refs/heads/cm-10.1"/>
  <project name="CyanogenMod/android_external_powertop" path="external/powertop" revision="2a29256387df155f2a2d69834be0725890a701cc" upstream="refs/heads/cm-10.1"/>
  <project name="CyanogenMod/android_external_ppp" path="external/ppp" revision="e644c9d23cce70bf4e7db4a63325e5dc8ba87363" upstream="refs/heads/cm-10.1"/>
  <project name="CyanogenMod/android_external_proguard" path="external/proguard" revision="9f606f95f03a75961498803e24bee6799a7c0885" upstream="refs/heads/cm-10.1"/>
  <project name="CyanogenMod/android_external_protobuf" path="external/protobuf" revision="416da13c96d8a62f608a4eaffaec145fca4c8dba" upstream="refs/heads/cm-10.1"/>
  <project name="CyanogenMod/android_external_qemu" path="external/qemu" revision="a546c7006355a7bd1df4267ee53d0bfa2c017c8c" upstream="refs/heads/cm-10.1"/>
  <project name="CyanogenMod/android_external_qemu-pc-bios" path="external/qemu-pc-bios" revision="20349dae98d7de09a7e390d4a706c64f1db6edc2" upstream="refs/heads/cm-10.1"/>
  <project name="CyanogenMod/android_external_qrngd" path="external/qrngd" revision="6b04a774064928a1e9b36d6c5449e1623a2b59c4" upstream="refs/heads/cm-10.1"/>
  <project name="CyanogenMod/android_external_quake" path="external/quake" revision="7a5374d597eac72560bb5a3f8209438896cfe8a7" upstream="refs/heads/cm-10.1"/>
  <project name="CyanogenMod/android_external_regex-re2" path="external/regex-re2" revision="ea0e870f9b5b483699320f733f17df011258049b" upstream="refs/heads/cm-10.1"/>
  <project name="CyanogenMod/android_external_replicaisland" path="external/replicaisland" revision="99e2e54c5d036048caf09bb05eea0969de093104" upstream="refs/heads/cm-10.1"/>
  <project name="CyanogenMod/android_external_rsync" path="external/rsync" revision="0c1c581e7a91fe7da2a93f8845fc0241dba0a4bd" upstream="refs/heads/cm-10.1"/>
  <project name="CyanogenMod/android_external_safe-iop" path="external/safe-iop" revision="aa0725fb1da35e47676b6da30009322eb5ed59be" upstream="refs/heads/cm-10.1"/>
  <project name="CyanogenMod/android_external_sepolicy" path="external/sepolicy" revision="acbded32b2663b65605878f32d45894f4948a388" upstream="refs/heads/cm-10.1"/>
  <project name="CyanogenMod/android_external_skia" path="external/skia" revision="cb5701ecfa08563037c24cc7b8ed4bb2629ef70b" upstream="refs/heads/cm-10.1"/>
  <project name="CyanogenMod/android_external_smali" path="external/smali" revision="28333561005524c15818b98c7f8f07409451ff30" upstream="refs/heads/cm-10.1"/>
  <project name="CyanogenMod/android_external_sonivox" path="external/sonivox" revision="4a213147dbe60416aa26ebdba0f3c631b2e2b013" upstream="refs/heads/cm-10.1"/>
  <project name="CyanogenMod/android_external_speex" path="external/speex" revision="fb7db5853ffb841a4d32fea8b5c3a43e6b875cae" upstream="refs/heads/cm-10.1"/>
  <project name="CyanogenMod/android_external_sqlite" path="external/sqlite" revision="a683f4e10e5f64ccb2d65468f6fcdbb0bdb198f7" upstream="refs/heads/cm-10.1"/>
  <project name="CyanogenMod/android_external_srec" path="external/srec" revision="38b8fdb043df66b167b26ebc9568c107984dde12" upstream="refs/heads/cm-10.1"/>
  <project name="CyanogenMod/android_external_srtp" path="external/srtp" revision="b7cb8944d4dfcdbfa53d25519b6e8d4b04b856f4" upstream="refs/heads/cm-10.1"/>
  <project name="CyanogenMod/android_external_stlport" path="external/stlport" revision="30865cb901602ed078ff2ed534529d847b3b54b5" upstream="refs/heads/cm-10.1"/>
  <project name="CyanogenMod/android_external_strace" path="external/strace" revision="7d2d23fd9b87c3a1fc61a51e6cb62923d952fb79" upstream="refs/heads/cm-10.1"/>
  <project name="CyanogenMod/android_external_stressapptest" path="external/stressapptest" revision="0956427aa995561acb4471764158ae057a36dad5" upstream="refs/heads/cm-10.1"/>
  <project name="CyanogenMod/android_external_svox" path="external/svox" revision="17e32ee53693b4d1044b1ab443caa8bffa67fe21" upstream="refs/heads/cm-10.1"/>
  <project name="CyanogenMod/android_external_tagsoup" path="external/tagsoup" revision="68c2ec9e0acdb3214b7fb91dbab8c9fab8736817" upstream="refs/heads/cm-10.1"/>
  <project name="CyanogenMod/android_external_tcpdump" path="external/tcpdump" revision="532b8f38c144da9a298260a5d8978ab9e8e3856c" upstream="refs/heads/cm-10.1"/>
  <project name="CyanogenMod/android_external_tinyalsa" path="external/tinyalsa" revision="ff2e54293f32b5bb5ff75b4cb25babb00f429ca4" upstream="refs/heads/cm-10.1"/>
  <project name="CyanogenMod/android_external_tinyxml" path="external/tinyxml" revision="d589f7e4a51e75bd5c98a3defd8ee84d7059e86e" upstream="refs/heads/cm-10.1"/>
  <project name="CyanogenMod/android_external_tinyxml2" path="external/tinyxml2" revision="c74b546f5af36968ffa56d7fd4529f4273b96f48" upstream="refs/heads/cm-10.1"/>
  <project name="CyanogenMod/android_external_tremolo" path="external/tremolo" revision="3eec17965b3e2974e120e864b351a916f59835ba" upstream="refs/heads/cm-10.1"/>
  <project name="CyanogenMod/android_external_v8" path="external/v8" revision="eaf99024ae65895f4d843fbdd46702432d65d821" upstream="refs/heads/cm-10.1"/>
  <project name="CyanogenMod/android_external_valgrind" path="external/valgrind" revision="0d909f54d46a5c4e5143a0469f77472673fdd06a" upstream="refs/heads/cm-10.1"/>
  <project name="CyanogenMod/android_external_vim" path="external/vim" revision="b43f2ca5e52275605327ab7b8d61f001d108d15c" upstream="refs/heads/cm-10.1"/>
  <project name="CyanogenMod/android_external_webkit" path="external/webkit" revision="016661c890caf59f18cee0113582a099aec0c1fc" upstream="refs/heads/cm-10.1"/>
  <project name="CyanogenMod/android_external_webp" path="external/webp" revision="5a50414796e9a458925c7a13a15055d02406bf43" upstream="refs/heads/cm-10.1"/>
  <project name="CyanogenMod/android_external_webrtc" path="external/webrtc" revision="cf20dbf9d2547baa8a0fb631f282109e7a58a6cc" upstream="refs/heads/cm-10.1"/>
  <project name="CyanogenMod/android_external_wpa_supplicant_6" path="external/wpa_supplicant_6" revision="0ff75d6e241bdcf14dd820f81ba37f02aef9ce4f" upstream="refs/heads/cm-10.1"/>
  <project name="CyanogenMod/android_external_wpa_supplicant_8" path="external/wpa_supplicant_8" revision="ee1a2bc6358adb0b85e02fb13dbc77332325d749" upstream="refs/heads/cm-10.1"/>
  <project name="CyanogenMod/android_external_wpa_supplicant_8_ti" path="external/wpa_supplicant_8_ti" revision="161f26dcfb2f9ff69e3ba5457d8074157f1ced33" upstream="refs/heads/cm-10.1"/>
  <project name="CyanogenMod/android_external_xmlwriter" path="external/xmlwriter" revision="e95d92246ee35273dde2bee8b00485cc14c12be5" upstream="refs/heads/cm-10.1"/>
  <project name="CyanogenMod/android_external_xmp_toolkit" path="external/xmp_toolkit" revision="f12f744843a67c910ec325fc6dfa73988f67b97c" upstream="refs/heads/cm-10.1"/>
  <project name="CyanogenMod/android_external_yaffs2" path="external/yaffs2" revision="f58e662da7d160694d554500acea0af00e5c60b9" upstream="refs/heads/cm-10.1"/>
  <project name="CyanogenMod/android_external_zlib" path="external/zlib" revision="b481bdc48de9d5883a9fc986ef9a7f708302e717" upstream="refs/heads/cm-10.1"/>
  <project name="CyanogenMod/android_external_zxing" path="external/zxing" revision="7620644768ffc235607b3a94671e49518c18686f" upstream="refs/heads/cm-10.1"/>
  <project name="CyanogenMod/android_frameworks_av" path="frameworks/av" revision="520ba656d8f8d4a2fd54a2c4fd98bab2a914cdd1" upstream="refs/heads/cm-10.1"/>
  <project name="CyanogenMod/android_frameworks_base" path="frameworks/base" revision="ffa10e961c0423a4b16a9691cfee7651a8697310" upstream="refs/heads/cm-10.1"/>
  <project name="CyanogenMod/android_frameworks_compile_libbcc" path="frameworks/compile/libbcc" revision="4366a86dbe5c813ed58b482c8c52699f415df165" upstream="refs/heads/cm-10.1"/>
  <project name="CyanogenMod/android_frameworks_compile_linkloader" path="frameworks/compile/linkloader" revision="0b2258740e57335f58b4e7f71d732e0fca69d890" upstream="refs/heads/cm-10.1"/>
  <project name="CyanogenMod/android_frameworks_compile_llvm-ndk-cc" path="frameworks/compile/llvm-ndk-cc" revision="a57b3dcfde6356263c6ee22619340f504e297262" upstream="refs/heads/cm-10.1"/>
  <project name="CyanogenMod/android_frameworks_compile_mclinker" path="frameworks/compile/mclinker" revision="cedee4b38f4786845183be7f5916dd520a170ae0" upstream="refs/heads/cm-10.1"/>
  <project name="CyanogenMod/android_frameworks_compile_slang" path="frameworks/compile/slang" revision="dc061bc9a5eb7ad462b78e5806088648b787dbee" upstream="refs/heads/cm-10.1"/>
  <project name="CyanogenMod/android_frameworks_ex" path="frameworks/ex" revision="aff1242e5451db7edf4fc165895b656dea722593" upstream="refs/heads/cm-10.1"/>
  <project name="CyanogenMod/android_frameworks_mff" path="frameworks/mff" revision="b9669b8540a1e5c953374d53b115514335e23c27" upstream="refs/heads/cm-10.1"/>
  <project name="CyanogenMod/android_frameworks_ml" path="frameworks/ml" revision="984e52f31d596840cfa51b1238e1c43d2e1918f8" upstream="refs/heads/cm-10.1"/>
  <project name="CyanogenMod/android_frameworks_native" path="frameworks/native" revision="4cd7227b78773fbd201bee4627b55f4008e961e7" upstream="refs/heads/cm-10.1"/>
  <project name="CyanogenMod/android_frameworks_opt_calendar" path="frameworks/opt/calendar" revision="a30f9f3ab4e0e42e02540518dd37b352257cd98d" upstream="refs/heads/cm-10.1"/>
  <project name="CyanogenMod/android_frameworks_opt_carddav" path="frameworks/opt/carddav" revision="f08aa2df132dd8dc32a0013d3750137d9dd9280a" upstream="refs/heads/cm-10.1"/>
  <project name="CyanogenMod/android_frameworks_opt_emoji" path="frameworks/opt/emoji" revision="0805d75d3c4319f54fb3c854be2f7baab561cf1b" upstream="refs/heads/cm-10.1"/>
  <project name="CyanogenMod/android_frameworks_opt_inputmethodcommon" path="frameworks/opt/inputmethodcommon" revision="df9dd39c2047992a43b64e13bb0fc348a1630f3b" upstream="refs/heads/cm-10.1"/>
  <project name="CyanogenMod/android_frameworks_opt_mailcommon" path="frameworks/opt/mailcommon" revision="cf87374d113b26ad611260fb69de9ad68bf0ca2c" upstream="refs/heads/cm-10.1"/>
  <project name="CyanogenMod/android_frameworks_opt_mms" path="frameworks/opt/mms" revision="b43774ad8fe7855acb2b23837003b44cebabdc73" upstream="refs/heads/cm-10.1"/>
  <project name="CyanogenMod/android_frameworks_opt_photoviewer" path="frameworks/opt/photoviewer" revision="76120ad0a33bb4330137f2bf13f82fbaa5765f09" upstream="refs/heads/cm-10.1"/>
  <project name="CyanogenMod/android_frameworks_opt_telephony" path="frameworks/opt/telephony" revision="95dbfaf134fcea7005a38d0e482e1c595d0050f9" upstream="refs/heads/cm-10.1"/>
  <project name="CyanogenMod/android_frameworks_opt_vcard" path="frameworks/opt/vcard" revision="3f05cb6e736f582b5e6248f4530d49e5e2ef47d3" upstream="refs/heads/cm-10.1"/>
  <project name="CyanogenMod/android_frameworks_rs" path="frameworks/rs" revision="452bb346368d84742ceed62cb9ecba17c2c1e053" upstream="refs/heads/cm-10.1"/>
  <project name="CyanogenMod/android_frameworks_support" path="frameworks/support" revision="5ec7a8e63fb82a17fc7361650e24a0bf0e758efa" upstream="refs/heads/cm-10.1"/>
  <project name="CyanogenMod/android_frameworks_testing" path="frameworks/testing" revision="e404ad76d183e61e200d6f3fe8edcd057b40b868" upstream="refs/heads/cm-10.1"/>
  <project name="CyanogenMod/android_frameworks_wilhelm" path="frameworks/wilhelm" revision="4a4c728965b10df683d37b4b7ac27211e02006ad" upstream="refs/heads/cm-10.1"/>
  <project name="CyanogenMod/android_hardware_broadcom_wlan" path="hardware/broadcom/wlan" revision="7ada57e40b81b6cb5a2a796921b205cf87c2cdff" upstream="refs/heads/cm-10.1"/>
  <project name="CyanogenMod/android_hardware_cm" path="hardware/cm" revision="08c587e50c40e8b8fa9d4d7ce28d25d212bdc548" upstream="refs/heads/cm-10.1"/>
  <project name="CyanogenMod/android_hardware_invensense" path="hardware/invensense" revision="33ce91b37062fa63af192f5643de93f3beebe854" upstream="refs/heads/cm-10.1"/>
  <project name="CyanogenMod/android_hardware_libhardware" path="hardware/libhardware" revision="af115871b4224c7196d7286378bb8a60606adc29" upstream="refs/heads/cm-10.1"/>
  <project name="CyanogenMod/android_hardware_libhardware_legacy" path="hardware/libhardware_legacy" revision="0b80bd63c6b1b6970226913849c61836daa16af0" upstream="refs/heads/cm-10.1"/>
  <project name="CyanogenMod/android_hardware_msm7k" path="hardware/msm7k" revision="e2d92ef15492cdecc2c495e962a39e3669d945a7" upstream="refs/heads/cm-10.1"/>
  <project name="CyanogenMod/android_hardware_qcom_audio" path="hardware/qcom/audio" revision="12de8f9578890e2fe7ad9f1a4b4ee5fa228f598a" upstream="refs/heads/cm-10.1"/>
  <project name="CyanogenMod/android_hardware_qcom_audio-caf" path="hardware/qcom/audio-caf" revision="299061d59deb613592f9ae6f2ad2506a44c54815" upstream="refs/heads/cm-10.1"/>
  <project name="CyanogenMod/android_hardware_qcom_bt" path="hardware/qcom/bt" revision="ad7eab092dae95101a71f1dd758086ad042dcf1d" upstream="refs/heads/cm-10.1"/>
  <project name="CyanogenMod/android_hardware_qcom_camera" path="hardware/qcom/camera" revision="b19a9086512af140f59c67611b765b08c4d2a05a" upstream="refs/heads/cm-10.1"/>
  <project name="CyanogenMod/android_hardware_qcom_display" path="hardware/qcom/display" revision="7a8a513ac8a2b9a76b36cf1341d45b00d88ed45c" upstream="refs/heads/cm-10.1"/>
  <project name="CyanogenMod/android_hardware_qcom_display-caf" path="hardware/qcom/display-caf" revision="57b13ec6faaf40fb4ba455a69d3c4c05763bd0b3" upstream="refs/heads/cm-10.1"/>
  <project name="CyanogenMod/android_hardware_qcom_gps" path="hardware/qcom/gps" revision="09ce8ac638af4aad4fda64dfb264639d45f852a3" upstream="refs/heads/cm-10.1"/>
  <project name="CyanogenMod/android_hardware_qcom_keymaster" path="hardware/qcom/keymaster" revision="3816bf0dc2016895a4be4c550d52ce006a6d56db" upstream="refs/heads/cm-10.1"/>
  <project name="CyanogenMod/android_hardware_qcom_media" path="hardware/qcom/media" revision="333d0e460bc6a6579c5193438fa69560abea658f" upstream="refs/heads/cm-10.1"/>
  <project name="CyanogenMod/android_hardware_qcom_msm8960" path="hardware/qcom/msm8960" revision="1527a7f45985b21726df5dbcce10af54646d62c0" upstream="refs/heads/cm-10.1"/>
  <project name="CyanogenMod/android_hardware_qcom_power" path="hardware/qcom/power" revision="53cc747d50331ae982dd52e22a60c80048bcb4d9" upstream="refs/heads/cm-10.1"/>
  <project name="CyanogenMod/android_hardware_qcom_sensors" path="hardware/qcom/sensors" revision="07c5bcdb36158e22d33bac02eecd83d4ff1fb2f8" upstream="refs/heads/cm-10.1"/>
  <project name="CyanogenMod/android_hardware_qcom_wlan" path="hardware/qcom/wlan" revision="59d7a95be90328306ac2dfef31a5663f1f2d76fc" upstream="refs/heads/cm-10.1"/>
  <project name="CyanogenMod/android_hardware_ril" path="hardware/ril" revision="bf6e0cbe5e0f79d62a712eaa3abd5860678f72a9" upstream="refs/heads/cm-10.1"/>
  <project name="CyanogenMod/android_hardware_samsung" path="hardware/samsung" revision="79b8917c201073a165d6027fe0440bdf31a6da7c" upstream="refs/heads/cm-10.1"/>
  <project name="CyanogenMod/android_hardware_samsung_slsi_exynos5" path="hardware/samsung_slsi/exynos5" revision="7219980a19c026fb454c1decdd2eacd22691df6b" upstream="refs/heads/cm-10.1"/>
  <project name="CyanogenMod/android_hardware_ti_omap3" path="hardware/ti/omap3" revision="f3af1146a6329b84f316cf1bf98bcd574d17b7b3" upstream="refs/heads/cm-10.1"/>
  <project name="CyanogenMod/android_hardware_ti_omap4xxx" path="hardware/ti/omap4xxx" revision="de825f2f08fad153116807ea18002e4590bd71bb" upstream="refs/heads/cm-10.1"/>
  <project name="CyanogenMod/android_hardware_ti_wlan" path="hardware/ti/wlan" revision="6db38e28e0f4abd0a6cd43e2e1237013304c9b24" upstream="refs/heads/cm-10.1"/>
  <project name="CyanogenMod/android_hardware_ti_wpan" path="hardware/ti/wpan" revision="7a669a3e490396c506779929f90d2d32680fa493" upstream="refs/heads/cm-10.1"/>
  <project name="CyanogenMod/android_kernel_samsung_smdk4412" path="kernel/samsung/smdk4412" revision="c715892450ed51c52a1b3b885090ad470f11643a" upstream="refs/heads/cm-10.1"/>
  <project name="CyanogenMod/android_libcore" path="libcore" revision="6e80bc616a001bad0df9a1822880db0855133ad4" upstream="refs/heads/cm-10.1"/>
  <project name="CyanogenMod/android_libnativehelper" path="libnativehelper" revision="73d3c2e3ed100f1d0ccc08a9675844bf8a0848fa" upstream="refs/heads/cm-10.1"/>
  <project name="CyanogenMod/android_packages_apps_Apollo" path="packages/apps/Apollo" revision="10f4cb93267cc23d224bc1297d514cc04d8c6a69" upstream="refs/heads/cm-10.1"/>
  <project name="CyanogenMod/android_packages_apps_BasicSmsReceiver" path="packages/apps/BasicSmsReceiver" revision="67abadb0bf71a65d680beccc762e1a9eb49cc529" upstream="refs/heads/cm-10.1"/>
  <project name="CyanogenMod/android_packages_apps_Bluetooth" path="packages/apps/Bluetooth" revision="827d931b28bae5aa079628e059caa6c17b9a5173" upstream="refs/heads/cm-10.1"/>
  <project name="CyanogenMod/android_packages_apps_Browser" path="packages/apps/Browser" revision="0faf23fb3f2145a2949b4b46b08033d7de6c060f" upstream="refs/heads/cm-10.1"/>
  <project name="CyanogenMod/android_packages_apps_CMFileManager" path="packages/apps/CMFileManager" revision="883615073ee48d4dc1731c6183284d2c9f8bdf20" upstream="refs/heads/cm-10.1"/>
  <project name="CyanogenMod/android_packages_apps_CMUpdater" path="packages/apps/CMUpdater" revision="247ff7aba24c597b993b9f2e32cf3aa5a5e10898" upstream="refs/heads/cm-10.1"/>
  <project name="CyanogenMod/android_packages_apps_CMWallpapers" path="packages/apps/CMWallpapers" revision="a06c7aa65ba08d2cee33d0853e0e2622837180ec" upstream="refs/heads/cm-10.1"/>
  <project name="CyanogenMod/android_packages_apps_Calculator" path="packages/apps/Calculator" revision="966836bb3770d928a2da58e6a31198cb833ac468" upstream="refs/heads/cm-10.1"/>
  <project name="CyanogenMod/android_packages_apps_Calendar" path="packages/apps/Calendar" revision="8c5754cca3f78f4fe8fad336f7a7192231fb51b2" upstream="refs/heads/cm-10.1"/>
  <project name="CyanogenMod/android_packages_apps_Camera" path="packages/apps/Camera" revision="7ed2d414ce927d74a118cc84cfd44ba6d10a90d8" upstream="refs/heads/cm-10.1"/>
  <project name="CyanogenMod/android_packages_apps_CellBroadcastReceiver" path="packages/apps/CellBroadcastReceiver" revision="4491b76066d3815d4fa2dbb2db5fe0f6ce003fce" upstream="refs/heads/cm-10.1"/>
  <project name="CyanogenMod/android_packages_apps_CertInstaller" path="packages/apps/CertInstaller" revision="2e1fae116335f8aa258f7e10eadfdcb81e2f3735" upstream="refs/heads/cm-10.1"/>
  <project name="CyanogenMod/android_packages_apps_Contacts" path="packages/apps/Contacts" revision="f59516682cdea7a8052a0d89e6af97dd33cce258" upstream="refs/heads/cm-10.1"/>
  <project name="CyanogenMod/android_packages_apps_DSPManager" path="packages/apps/DSPManager" revision="4e0209c7c4a729cfa6845c04e5b4a3b65b5a3bec" upstream="refs/heads/cm-10.1"/>
  <project name="CyanogenMod/android_packages_apps_DeskClock" path="packages/apps/DeskClock" revision="eaa7f7a9b6779fe2e22666917040e78ab146ec0e" upstream="refs/heads/cm-10.1"/>
  <project name="CyanogenMod/android_packages_apps_Email" path="packages/apps/Email" revision="7f1a255d6ce080f799f339572e19c4c27b6896b1" upstream="refs/heads/cm-10.1"/>
  <project name="CyanogenMod/android_packages_apps_Exchange" path="packages/apps/Exchange" revision="d1acb5c08dc154958778046f82c61dedd3811397" upstream="refs/heads/cm-10.1"/>
  <project name="CyanogenMod/android_packages_apps_Gallery" path="packages/apps/Gallery" revision="f45e536aea143e86925790250b61cf1e8e7b3f08" upstream="refs/heads/cm-10.1"/>
  <project name="CyanogenMod/android_packages_apps_Gallery2" path="packages/apps/Gallery2" revision="fb97914101d38df9fa23c045bb776e283ab0d7e8" upstream="refs/heads/cm-10.1"/>
  <project name="CyanogenMod/android_packages_apps_HTMLViewer" path="packages/apps/HTMLViewer" revision="e688d4d402ed98a6c82a1706c16894e6d59f458d" upstream="refs/heads/cm-10.1"/>
  <project name="CyanogenMod/android_packages_apps_KeyChain" path="packages/apps/KeyChain" revision="769cdd60fb421d9b161cc7dc92b83460794bd45d" upstream="refs/heads/cm-10.1"/>
  <project name="CyanogenMod/android_packages_apps_Launcher2" path="packages/apps/Launcher2" revision="ceabf41e99c97826c4fa68d94a6eae9a6e14f41e" upstream="refs/heads/cm-10.1"/>
  <project name="CyanogenMod/android_packages_apps_LegacyCamera" path="packages/apps/LegacyCamera" revision="a48ca66e325228011cd71c92dfe6c89e79efdac2" upstream="refs/heads/cm-10.1"/>
  <project name="CyanogenMod/android_packages_apps_LockClock" path="packages/apps/LockClock" revision="edc63b6e1eec68cef3b52e19935171c75b0358ba" upstream="refs/heads/cm-10.1"/>
  <project name="CyanogenMod/android_packages_apps_Mms" path="packages/apps/Mms" revision="9967047b2b743a0778b72a9dac2cfc2bd929f2b7" upstream="refs/heads/cm-10.1"/>
  <project name="CyanogenMod/android_packages_apps_Music" path="packages/apps/Music" revision="c37b200d0198deaf488d0bfe1b114d1fd9037382" upstream="refs/heads/cm-10.1"/>
  <project name="CyanogenMod/android_packages_apps_MusicFX" path="packages/apps/MusicFX" revision="bc778ede573dc74646d42dfe96997f74b23ac61d" upstream="refs/heads/cm-10.1"/>
  <project name="CyanogenMod/android_packages_apps_Nfc" path="packages/apps/Nfc" revision="90868bd91fd3829bb0006c377da12a651f95716b" upstream="refs/heads/cm-10.1"/>
  <project name="CyanogenMod/android_packages_apps_PackageInstaller" path="packages/apps/PackageInstaller" revision="a4b300d057b74e848de622c33c2206281d0df631" upstream="refs/heads/cm-10.1"/>
  <project name="CyanogenMod/android_packages_apps_Phone" path="packages/apps/Phone" revision="54ff32251b14a12e6eb99282ed4353ef3b8866fb" upstream="refs/heads/cm-10.1"/>
  <project name="CyanogenMod/android_packages_apps_Protips" path="packages/apps/Protips" revision="44a9b23f6bc0b36044eb3e8be27db29a65654677" upstream="refs/heads/cm-10.1"/>
  <project name="CyanogenMod/android_packages_apps_Provision" path="packages/apps/Provision" revision="9b478de877335c841b7c948d0dd84a7c66698b17" upstream="refs/heads/cm-10.1"/>
  <project name="CyanogenMod/android_packages_apps_QuickSearchBox" path="packages/apps/QuickSearchBox" revision="c52cdc16691a174db077712334cc8cf7334e9312" upstream="refs/heads/cm-10.1"/>
  <project name="CyanogenMod/android_packages_apps_SamsungServiceMode" path="packages/apps/SamsungServiceMode" revision="c8766552d7af6d29445f8224df989d4ffa3b1aed" upstream="refs/heads/cm-10.1"/>
  <project name="CyanogenMod/android_packages_apps_Settings" path="packages/apps/Settings" revision="50c132929011037fe8a82a5109ceb8a24d7ff6c5" upstream="refs/heads/cm-10.1"/>
  <project name="CyanogenMod/android_packages_apps_SmartCardService" path="packages/apps/SmartCardService" revision="29eae320a4bd222b5ff1c092f84f1aebba88d0b7" upstream="refs/heads/cm-10.1"/>
  <project name="CyanogenMod/android_packages_apps_SoundRecorder" path="packages/apps/SoundRecorder" revision="e5bd8526ef2c248b2b0cf23990331df54c064e2f" upstream="refs/heads/cm-10.1"/>
  <project name="CyanogenMod/android_packages_apps_SpareParts" path="packages/apps/SpareParts" revision="ebe55a678478214a18319479e04d79ec346f2ff1" upstream="refs/heads/cm-10.1"/>
  <project name="CyanogenMod/android_packages_apps_SpeechRecorder" path="packages/apps/SpeechRecorder" revision="9bb0a2aab6c5f807056bd4e486e04596675fe31b" upstream="refs/heads/cm-10.1"/>
  <project name="CyanogenMod/android_packages_apps_Stk" path="packages/apps/Stk" revision="fac65f50fbe296e71e3316cf31afadbf99f242de" upstream="refs/heads/cm-10.1"/>
  <project name="CyanogenMod/android_packages_apps_Superuser" path="packages/apps/Superuser" revision="576fc5e4c34430add7598ba9afb973719d83b4f3" upstream="refs/heads/cm-10.1"/>
  <project name="CyanogenMod/android_packages_apps_Tag" path="packages/apps/Tag" revision="5f90b8ac1de415b3081525936b094e9a326c659e" upstream="refs/heads/cm-10.1"/>
  <project name="CyanogenMod/android_packages_apps_Torch" path="packages/apps/Torch" revision="6ebe01ddbe5cf066cddc50c76f428b9db438c162" upstream="refs/heads/cm-10.1"/>
  <project name="CyanogenMod/android_packages_apps_Trebuchet" path="packages/apps/Trebuchet" revision="9b03281afe4420820cfa583e468aaeca7d63b835" upstream="refs/heads/cm-10.1"/>
  <project name="CyanogenMod/android_packages_apps_VideoEditor" path="packages/apps/VideoEditor" revision="6f95463a2fec3344db596bc3b99db388422ba0ca" upstream="refs/heads/cm-10.1"/>
  <project name="CyanogenMod/android_packages_apps_VoiceDialer" path="packages/apps/VoiceDialer" revision="38474355c353193d5b1424a845bdf129315b5873" upstream="refs/heads/cm-10.1"/>
  <project name="CyanogenMod/android_packages_experimental" path="packages/experimental" revision="1e0c48bb3760be078159c785396621e90d275ae0" upstream="refs/heads/cm-10.1"/>
  <project name="CyanogenMod/android_packages_inputmethods_LatinIME" path="packages/inputmethods/LatinIME" revision="6da6ab007e8267bc632a2f7bb50e2319d1bfada4" upstream="refs/heads/cm-10.1"/>
  <project name="CyanogenMod/android_packages_inputmethods_OpenWnn" path="packages/inputmethods/OpenWnn" revision="59aefa242169b7a51c2381daee58ff22fd1834ce" upstream="refs/heads/cm-10.1"/>
  <project name="CyanogenMod/android_packages_inputmethods_PinyinIME" path="packages/inputmethods/PinyinIME" revision="a08d08cdea4319fb74b55289e1b4e1b1a5249bc2" upstream="refs/heads/cm-10.1"/>
  <project name="CyanogenMod/android_packages_providers_ApplicationsProvider" path="packages/providers/ApplicationsProvider" revision="0b5500570b81ed345210d9effd9d518357b87bb3" upstream="refs/heads/cm-10.1"/>
  <project name="CyanogenMod/android_packages_providers_CalendarProvider" path="packages/providers/CalendarProvider" revision="cb9ff029385e1a6b368585bfe72208eb2601eea5" upstream="refs/heads/cm-10.1"/>
  <project name="CyanogenMod/android_packages_providers_ContactsProvider" path="packages/providers/ContactsProvider" revision="e5adf1f13c58f2d14dfbd1a179576ee5b269602f" upstream="refs/heads/cm-10.1"/>
  <project name="CyanogenMod/android_packages_providers_DownloadProvider" path="packages/providers/DownloadProvider" revision="c150c8dd884d7f738f47bffa9fd50c0f05e6d0a6" upstream="refs/heads/cm-10.1"/>
  <project name="CyanogenMod/android_packages_providers_DrmProvider" path="packages/providers/DrmProvider" revision="4ceef459997a58b4527f86921ccf4754c5b55f62" upstream="refs/heads/cm-10.1"/>
  <project name="CyanogenMod/android_packages_providers_MediaProvider" path="packages/providers/MediaProvider" revision="4564f442456615af434d92523ad5cc82ae2aec01" upstream="refs/heads/cm-10.1"/>
  <project name="CyanogenMod/android_packages_providers_PartnerBookmarksProvider" path="packages/providers/PartnerBookmarksProvider" revision="96d0a80af45923767baf449fc8c735c2f71d64ae" upstream="refs/heads/cm-10.1"/>
  <project name="CyanogenMod/android_packages_providers_TelephonyProvider" path="packages/providers/TelephonyProvider" revision="330e81b9207960f18a4cfd3adfc86078d56aac7b" upstream="refs/heads/cm-10.1"/>
  <project name="CyanogenMod/android_packages_providers_UserDictionaryProvider" path="packages/providers/UserDictionaryProvider" revision="a8d15d32dfa6f6b7d4f7eed63d4729667588e0a5" upstream="refs/heads/cm-10.1"/>
  <project name="CyanogenMod/android_packages_screensavers_Basic" path="packages/screensavers/Basic" revision="bf8a398a881fb532e10ff1bd18a373f3591582dc" upstream="refs/heads/cm-10.1"/>
  <project name="CyanogenMod/android_packages_screensavers_PhotoTable" path="packages/screensavers/PhotoTable" revision="1a180510e6421467db8cafa641130fb1dbb6aee7" upstream="refs/heads/cm-10.1"/>
  <project name="CyanogenMod/android_packages_screensavers_WebView" path="packages/screensavers/WebView" revision="6e0a80f6faed6191acc8ce1b6c79eada09e9e042" upstream="refs/heads/cm-10.1"/>
  <project name="CyanogenMod/android_packages_wallpapers_Basic" path="packages/wallpapers/Basic" revision="40dc0d48f89302b9c537f86298d5dfeece99d9da" upstream="refs/heads/cm-10.1"/>
  <project name="CyanogenMod/android_packages_wallpapers_Galaxy4" path="packages/wallpapers/Galaxy4" revision="0352ac5c82f562e1cbde2ec16ce166701b5fff94" upstream="refs/heads/cm-10.1"/>
  <project name="CyanogenMod/android_packages_wallpapers_HoloSpiral" path="packages/wallpapers/HoloSpiral" revision="b9f9487b73b1675eddd104489c10e4589d447b07" upstream="refs/heads/cm-10.1"/>
  <project name="CyanogenMod/android_packages_wallpapers_LivePicker" path="packages/wallpapers/LivePicker" revision="fd3290c133cf1266a35d64020b479f39ed74ba97" upstream="refs/heads/cm-10.1"/>
  <project name="CyanogenMod/android_packages_wallpapers_MagicSmoke" path="packages/wallpapers/MagicSmoke" revision="9ca6687261d3da64580ceeec27a5d93f1d00e6e5" upstream="refs/heads/cm-10.1"/>
  <project name="CyanogenMod/android_packages_wallpapers_MusicVisualization" path="packages/wallpapers/MusicVisualization" revision="7d5ea7d41cef797a597e5aae28261f6e6f2cc392" upstream="refs/heads/cm-10.1"/>
  <project name="CyanogenMod/android_packages_wallpapers_NoiseField" path="packages/wallpapers/NoiseField" revision="d9ccb53b3392df0fcab2365c41d0c1bc9561d857" upstream="refs/heads/cm-10.1"/>
  <project name="CyanogenMod/android_packages_wallpapers_PhaseBeam" path="packages/wallpapers/PhaseBeam" revision="53f5ba920df1b1f1325bd4fe0aed215197582cfe" upstream="refs/heads/cm-10.1"/>
  <project name="CyanogenMod/android_prebuilt" path="prebuilt" revision="8cd7b1da50074241e6d86e7d60150e096c7206c8" upstream="refs/heads/cm-10.1"/>
  <project name="CyanogenMod/android_sdk" path="sdk" revision="daaada50d35317dbba4ca4ae3af1397c45686ac5" upstream="refs/heads/cm-10.1"/>
  <project name="CyanogenMod/android_system_bluetooth" path="system/bluetooth" revision="098826fe7314b3a7fa2fd9a0746e0fc21a0a1820" upstream="refs/heads/cm-10.1"/>
  <project name="CyanogenMod/android_system_core" path="system/core" revision="33bfa990d1502aae8503e7acec2d8a00e7ce02b0" upstream="refs/heads/cm-10.1"/>
  <project name="CyanogenMod/android_system_extras" path="system/extras" revision="70688554c23166bb67c5f9faec3d2ebfa31a233a" upstream="refs/heads/cm-10.1"/>
  <project name="CyanogenMod/android_system_media" path="system/media" revision="139237f611f88eb9b35deb3f9ad67bc310a07f55" upstream="refs/heads/cm-10.1"/>
  <project name="CyanogenMod/android_system_netd" path="system/netd" revision="f48516fabe5e0a93954a826a30036118b54b787c" upstream="refs/heads/cm-10.1"/>
  <project name="CyanogenMod/android_system_security" path="system/security" revision="cd8df62842b81c93022feabfacda8efd257e1754" upstream="refs/heads/cm-10.1"/>
  <project name="CyanogenMod/android_system_su" path="system/su" revision="52c188c0716104ae4029d676d2e499745c608907" upstream="refs/heads/cm-10.1"/>
  <project name="CyanogenMod/android_system_vold" path="system/vold" revision="3ffe02b6d8cd244242482402632a5c1f356ecf94" upstream="refs/heads/cm-10.1"/>
  <project name="CyanogenMod/android_vendor_cm" path="vendor/cm" revision="0fcbbd94d85256045e75f2c0179d505e8ee57e79" upstream="refs/heads/cm-10.1"/>
  <project name="CyanogenMod/android_vendor_qcom_opensource_v8" path="vendor/qcom/opensource/v8" revision="77abddf5b8bda43e80be7282eced8e3f3d0d45dd" upstream="refs/heads/cm-10.1"/>
  <project name="CyanogenMod/android_vendor_tmobile_libs_com.tmobile.themes" path="vendor/tmobile/libs/com.tmobile.themes" revision="4c0f151c11b3de7b70f5ef1d67a69501147bf263" upstream="refs/heads/cm-10.1"/>
  <project name="CyanogenMod/android_vendor_tmobile_products_themes" path="vendor/tmobile/products/themes" revision="671cd64ee2d932c5836942c9cde9bcc70d9d9f25" upstream="refs/heads/cm-10.1"/>
  <project name="CyanogenMod/android_vendor_tmobile_providers_ThemeManager" path="vendor/tmobile/providers/ThemeManager" revision="ca69bade526d727d0c03b02842f5c64b8a894bb2" upstream="refs/heads/cm-10.1"/>
  <project name="CyanogenMod/themes-platform-vendor-tmobile-apps-ThemeChooser" path="vendor/tmobile/apps/ThemeChooser" revision="19297008d3a8d5d0aac5c95d1763b39e3d586161" upstream="refs/heads/cm-10.1"/>
  <project name="platform/cts" path="cts" remote="aosp" revision="f511e6dad586423e31802dc949b6c9188ee82b0b" upstream="refs/tags/android-4.2.2_r1"/>
  <project name="platform/docs/source.android.com" path="docs/source.android.com" remote="aosp" revision="e30dbd19a0d334de0ae526b6f3927b92da8ef34c" upstream="refs/tags/android-4.2.2_r1"/>
  <project name="platform/gdk" path="gdk" remote="aosp" revision="4cad58ef8e2fc58576b4f3b00a19fa508d139536" upstream="refs/tags/android-4.2.2_r1"/>
  <project name="platform/ndk" path="ndk" remote="aosp" revision="6d6807c76da40a9c9a27ea235c7518557c95219c" upstream="refs/tags/android-4.2.2_r1"/>
  <project name="platform/pdk" path="pdk" remote="aosp" revision="4c9d0b3b746700dd5398edd65510af1f6db4b752" upstream="refs/tags/android-4.2.2_r1"/>
  <project groups="darwin" name="platform/prebuilts/clang/darwin-x86/3.1" path="prebuilts/clang/darwin-x86/3.1" remote="aosp" revision="426233405bef3c7c825095ab14256c3773894b9b" upstream="refs/tags/android-4.2.2_r1"/>
  <project groups="darwin" name="platform/prebuilts/clang/darwin-x86/3.2" path="prebuilts/clang/darwin-x86/3.2" remote="aosp" revision="af856d77b3cbb1f6afccdc531bee991403c28907" upstream="refs/tags/android-4.2.2_r1"/>
  <project groups="linux" name="platform/prebuilts/clang/linux-x86/3.1" path="prebuilts/clang/linux-x86/3.1" remote="aosp" revision="e95b4ce22c825da44d14299e1190ea39a5260bde" upstream="refs/tags/android-4.2.2_r1"/>
  <project groups="linux" name="platform/prebuilts/clang/linux-x86/3.2" path="prebuilts/clang/linux-x86/3.2" remote="aosp" revision="471afab478649078ad7c75ec6b252481a59e19b8" upstream="refs/tags/android-4.2.2_r1"/>
  <project name="platform/prebuilts/eclipse" path="prebuilts/eclipse" remote="aosp" revision="c271db8ee0361092b49841f66673296107b9c5d9" upstream="refs/tags/android-4.2.2_r1"/>
  <project groups="darwin,arm" name="platform/prebuilts/gcc/darwin-x86/arm/arm-eabi-4.6" path="prebuilts/gcc/darwin-x86/arm/arm-eabi-4.6" remote="aosp" revision="21b2cba584638ed5ffad8e3fd3e6808bfa299cf0" upstream="refs/tags/android-4.2.2_r1"/>
  <project groups="darwin,arm" name="platform/prebuilts/gcc/darwin-x86/arm/arm-linux-androideabi-4.6" path="prebuilts/gcc/darwin-x86/arm/arm-linux-androideabi-4.6" remote="aosp" revision="cd1d69ca633c901c064b7f934735493025fa20d9" upstream="refs/tags/android-4.2.2_r1"/>
  <project groups="darwin,mips" name="platform/prebuilts/gcc/darwin-x86/mips/mipsel-linux-android-4.6" path="prebuilts/gcc/darwin-x86/mips/mipsel-linux-android-4.6" remote="aosp" revision="837cdd9b3ac7231daaf961056c7505843130f667" upstream="refs/tags/android-4.2.2_r1"/>
  <project groups="darwin,x86" name="platform/prebuilts/gcc/darwin-x86/x86/i686-linux-android-4.6" path="prebuilts/gcc/darwin-x86/x86/i686-linux-android-4.6" remote="aosp" revision="042d6130038c95be86fcea5dddda2db07bd5aa27" upstream="refs/tags/android-4.2.2_r1"/>
  <project groups="linux,arm" name="platform/prebuilts/gcc/linux-x86/arm/arm-eabi-4.6" path="prebuilts/gcc/linux-x86/arm/arm-eabi-4.6" remote="aosp" revision="d73a051b1fd1d98f5c2463354fb67898f0090bdb" upstream="refs/tags/android-4.2.2_r1"/>
  <project groups="linux,arm" name="platform/prebuilts/gcc/linux-x86/arm/arm-linux-androideabi-4.6" path="prebuilts/gcc/linux-x86/arm/arm-linux-androideabi-4.6" remote="aosp" revision="1aa5822560cdc5cf155e2a8300c73441cb519ec4" upstream="refs/tags/android-4.2.2_r1"/>
  <project groups="linux" name="platform/prebuilts/gcc/linux-x86/host/i686-linux-glibc2.7-4.4.3" path="prebuilts/gcc/linux-x86/host/i686-linux-glibc2.7-4.4.3" remote="aosp" revision="10191e2f442c5409cb70783508658d474612a97e" upstream="refs/tags/android-4.2.2_r1"/>
  <project groups="linux" name="platform/prebuilts/gcc/linux-x86/host/i686-linux-glibc2.7-4.6" path="prebuilts/gcc/linux-x86/host/i686-linux-glibc2.7-4.6" remote="aosp" revision="9e754ea754eac37d1cd20182cc5d37df85239b0d" upstream="refs/tags/android-4.2.2_r1"/>
  <project groups="linux" name="platform/prebuilts/gcc/linux-x86/host/x86_64-linux-glibc2.7-4.6" path="prebuilts/gcc/linux-x86/host/x86_64-linux-glibc2.7-4.6" remote="aosp" revision="4b88bc4aafd69d02e14e2aa99046db67666f7f52" upstream="refs/tags/android-4.2.2_r1"/>
  <project groups="linux,mips" name="platform/prebuilts/gcc/linux-x86/mips/mipsel-linux-android-4.6" path="prebuilts/gcc/linux-x86/mips/mipsel-linux-android-4.6" remote="aosp" revision="90fc0bd53f2d07ef2383bfad53671f76801c740e" upstream="refs/tags/android-4.2.2_r1"/>
  <project groups="linux,x86" name="platform/prebuilts/gcc/linux-x86/x86/i686-linux-android-4.6" path="prebuilts/gcc/linux-x86/x86/i686-linux-android-4.6" remote="aosp" revision="b9ebba077c2f62e930b16240d7f3ad61f1ad1dfc" upstream="refs/tags/android-4.2.2_r1"/>
  <project name="platform/prebuilts/misc" path="prebuilts/misc" remote="aosp" revision="f32b66a45d6d74a427bf4a159296b389a26c4d7f" upstream="refs/tags/android-4.2.2_r1"/>
  <project name="platform/prebuilts/ndk" path="prebuilts/ndk" remote="aosp" revision="9e04eb2e30bc8d5707c57c2787111b3a5b365fa9" upstream="refs/tags/android-4.2.2_r1"/>
  <project name="platform/prebuilts/qemu-kernel" path="prebuilts/qemu-kernel" remote="aosp" revision="f1b132a1caaec8a89785f83f0201d07e72cce4cc" upstream="refs/tags/android-4.2.2_r1"/>
  <project name="platform/prebuilts/sdk" path="prebuilts/sdk" remote="aosp" revision="de5b622335ccfbe24aaa11447edde3463350a074" upstream="refs/tags/android-4.2.2_r1"/>
  <project name="platform/prebuilts/tools" path="prebuilts/tools" remote="aosp" revision="bbf7c256c4f5261c20599ec2f0d4f9316cb226bd" upstream="refs/tags/android-4.2.2_r1"/>
  <project name="platform/tools/build" path="tools/build" remote="aosp" revision="7eff27462d5989acf22839575ff0a8978e3369b5" upstream="refs/tags/android-4.2.2_r1"/>
  <project name="platform/tools/motodev" path="tools/motodev" remote="aosp" revision="6ddc6008c328cdb9f03e71bdbb44f48586026c43" upstream="refs/tags/android-4.2.2_r1"/>
</manifest>
